{
  "path": "mod_byg/soils/sythian_nylium_soil.json",
  "version": "1.16.4",
  "json_documentation": "https://agridocs.readthedocs.io/en/master/agri_soil/",
  "enabled": true,
  "mods": [
    "byg",
    "agricraft",
    "minecraft"
  ],
  "id": "byg:sythian_nylium_soil",
  "lang_key": "block.byg.sythian_nylium",
  "varients": [
    {
      "type": "block",
      "object": "byg:sythian_nylium",
      "useTag": false,
      "data": "",
      "ignoredData": [
        "*"
      ]
    }
  ],
  "humidity": "arid",
  "acidity": "acidic",
  "nutrients": "low",
  "growth_modifier": 0.75
}
