{
  "path": "mod_buzzier_bees/plants/buttercup_plant.json",
  "version": "1.16.4",
  "json_documentation": "https://agridocs.readthedocs.io/en/master/agri_plant/",
  "enabled": true,
  "mods": [
    "buzzier_bees",
    "agricraft",
    "minecraft"
  ],
  "id": "buzzier_bees:buttercup_plant",
  "plant_lang_key": "block.buzzier_bees.buttercup",
  "seed_lang_key": "agricraft.plant.buzzier_bees_buttercup.seed",
  "desc_lang_key": "agricraft.plant.buzzier_bees_buttercup.desc",
  "seed_items": [],
  "stages": [
    2,
    4,
    6,
    8,
    10,
    12,
    14,
    16
  ],
  "harvestStage": 4,
  "growth_chance": 0.75,
  "growth_bonus": 0.025,
  "tier": 2,
  "cloneable": true,
  "spread_chance": 0.1,
  "grass_drop_chance": 0.0,
  "seed_drop_chance": 1.0,
  "seed_drop_bonus": 0.0,
  "products": {
    "products": [
      {
        "min": 1,
        "max": 1,
        "chance": 0.65,
        "required": true,
        "type": "item",
        "object": "minecraft:yellow_dye",
        "useTag": false,
        "data": "",
        "ignoredData": []
      }
    ]
  },
  "clip_products": {
    "products": [
      {
        "min": 0,
        "max": 1,
        "chance": 0.5,
        "required": true,
        "type": "item",
        "object": "buzzier_bees:buttercup",
        "useTag": false,
        "data": "",
        "ignoredData": []
      }
    ]
  },
  "requirement": {
    "soil_humidity": {
      "condition": "damp",
      "type": "equal",
      "tolerance_factor": 0.2
    },
    "soil_acidity": {
      "condition": "slightly_acidic",
      "type": "equal",
      "tolerance_factor": 0.2
    },
    "soil_nutrients": {
      "condition": "high",
      "type": "equal_or_higher",
      "tolerance_factor": 0.2
    },
    "min_light": 10,
    "max_light": 16,
    "light_tolerance_factor": 0.5,
    "seasons": [
      "spring",
      "summer"
    ],
    "conditions": [],
    "fluid": {
      "type": "fluid",
      "object": "minecraft:empty",
      "useTag": false,
      "data": "",
      "ignoredData": []
    }
  },
  "callbacks": [],
  "texture": {
    "render_type": "hash",
    "plant_models": [],
    "plant_textures": [
      [
        "agricraft:plant/buzzier_bees/buttercup0"
      ],
      [
        "agricraft:plant/buzzier_bees/buttercup0"
      ],
      [
        "agricraft:plant/buzzier_bees/buttercup0"
      ],
      [
        "agricraft:plant/buzzier_bees/buttercup1"
      ],
      [
        "agricraft:plant/buzzier_bees/buttercup1"
      ],
      [
        "agricraft:plant/buzzier_bees/buttercup2"
      ],
      [
        "agricraft:plant/buzzier_bees/buttercup2"
      ],
      [
        "agricraft:plant/buzzier_bees/buttercup3"
      ]
    ]
  },
  "seed_texture": "agricraft:seed/buzzier_bees/buttercup",
  "seed_model": "agricraft:seed/buzzier_bees/buttercup",
  "particle_effects": [
    {
      "probability": 0.2,
      "stages": [
        7
      ],
      "particle": "buzzier_bees:buttercup_bloom",
      "delta_x": 0.2,
      "delta_y": 0.0,
      "delta_z": 0.1
    }
  ]
}
