{
  "path": "mod_environmental/plants/cattail_plant.json",
  "version": "1.16.4",
  "json_documentation": "https://agridocs.readthedocs.io/en/master/agri_plant/",
  "enabled": true,
  "mods": [
    "environmental",
    "agricraft",
    "minecraft"
  ],
  "id": "environmental:cattail_plant",
  "plant_lang_key": "block.environmental.cattail",
  "seed_lang_key": "item.environmental.cattail_seeds",
  "desc_lang_key": "agricraft.plant.environmental_cattail.desc",
  "seed_items": [
    {
      "overridePlanting": true,
      "type": "item",
      "object": "environmental:cattail_seeds",
      "useTag": false,
      "data": "",
      "ignoredData": [
        "*"
      ]
    }
  ],
  "stages": [
    4,
    8,
    12,
    16,
    16,
    24,
    28,
    32
  ],
  "harvestStage": 4,
  "growth_chance": 0.75,
  "growth_bonus": 0.025,
  "tier": 2,
  "cloneable": true,
  "spread_chance": 0.1,
  "grass_drop_chance": 0.0,
  "seed_drop_chance": 1.0,
  "seed_drop_bonus": 0.0,
  "products": {
    "products": [
      {
        "min": 1,
        "max": 3,
        "chance": 0.95,
        "required": true,
        "type": "item",
        "object": "environmental:cattail_seeds",
        "useTag": false,
        "data": "",
        "ignoredData": []
      }
    ]
  },
  "clip_products": {
    "products": [
      {
        "min": 1,
        "max": 2,
        "chance": 0.5,
        "required": true,
        "type": "item",
        "object": "environmental:cattail",
        "useTag": false,
        "data": "",
        "ignoredData": []
      }
    ]
  },
  "requirement": {
    "soil_humidity": {
      "condition": "damp",
      "type": "equal",
      "tolerance_factor": 0.2
    },
    "soil_acidity": {
      "condition": "slightly_acidic",
      "type": "equal",
      "tolerance_factor": 0.2
    },
    "soil_nutrients": {
      "condition": "very_high",
      "type": "equal_or_higher",
      "tolerance_factor": 0.2
    },
    "min_light": 10,
    "max_light": 16,
    "light_tolerance_factor": 0.5,
    "seasons": [
      "spring",
      "summer",
      "autumn"
    ],
    "conditions": [],
    "fluid": {
      "type": "fluid",
      "object": "minecraft:empty",
      "useTag": false,
      "data": "",
      "ignoredData": []
    }
  },
  "callbacks": [],
  "texture": {
    "render_type": "cross",
    "plant_models": [],
    "plant_textures": [
      [
        "environmental:block/cattail_sprouts"
      ],
      [
        "environmental:block/cattail_sprouts"
      ],
      [
        "environmental:block/cattail_sprouts"
      ],
      [
        "environmental:block/cattail"
      ],
      [
        "environmental:block/cattail"
      ],
      [
        "environmental:block/cattail_tall_top",
        "environmental:block/cattail_tall_bottom"
      ],
      [
        "environmental:block/cattail_tall_top",
        "environmental:block/cattail_tall_bottom"
      ],
      [
        "environmental:block/cattail_tall_grown_top",
        "environmental:block/cattail_tall_grown_bottom"
      ]
    ]
  },
  "seed_texture": "environmental:item/cattail_seeds",
  "seed_model": "environmental:item/cattail_seeds",
  "particle_effects": []
}
