{
  "path": "mod_byg/plants/sythian_fungus_plant.json",
  "version": "1.16.4",
  "json_documentation": "https://agridocs.readthedocs.io/en/master/agri_plant/",
  "enabled": true,
  "mods": [
    "byg",
    "agricraft",
    "minecraft"
  ],
  "id": "byg:sythian_fungus_plant",
  "plant_lang_key": "block.byg.sythian_fungus",
  "seed_lang_key": "agricraft.plant.byg_sythian_fungus.seed",
  "desc_lang_key": "",
  "seed_items": [
    {
      "overridePlanting": true,
      "type": "item",
      "object": "byg:sythian_fungus",
      "useTag": false,
      "data": "",
      "ignoredData": [
        "*"
      ]
    }
  ],
  "stages": [
    2,
    3,
    5,
    6,
    8,
    9,
    11,
    12
  ],
  "harvestStage": 4,
  "growth_chance": 0.75,
  "growth_bonus": 0.025,
  "tier": 1,
  "cloneable": true,
  "spread_chance": 0.1,
  "grass_drop_chance": 0.0,
  "seed_drop_chance": 1.0,
  "seed_drop_bonus": 0.0,
  "products": {
    "products": [
      {
        "min": 1,
        "max": 3,
        "chance": 0.95,
        "required": true,
        "type": "item",
        "object": "byg:sythian_fungus",
        "useTag": false,
        "data": "",
        "ignoredData": []
      }
    ]
  },
  "clip_products": {
    "products": []
  },
  "requirement": {
    "soil_humidity": {
      "condition": "arid",
      "type": "equal",
      "tolerance_factor": 0.15
    },
    "soil_acidity": {
      "condition": "acidic",
      "type": "equal",
      "tolerance_factor": 0.2
    },
    "soil_nutrients": {
      "condition": "low",
      "type": "equal_or_higher",
      "tolerance_factor": 0.1
    },
    "min_light": 10,
    "max_light": 16,
    "light_tolerance_factor": 0.5,
    "seasons": [
      "spring",
      "summer",
      "autumn",
      "winter"
    ],
    "conditions": [],
    "fluid": {
      "type": "fluid",
      "object": "minecraft:empty",
      "useTag": false,
      "data": "",
      "ignoredData": []
    }
  },
  "callbacks": [
    {
      "id": "agricraft:tree",
      "sapling": "byg:sythian_fungus"
    }
  ],
  "texture": {
    "render_type": "plus",
    "plant_models": [],
    "plant_textures": [
      [
        "agricraft:plant/byg/sythian_fungus0"
      ],
      [
        "agricraft:plant/byg/sythian_fungus0"
      ],
      [
        "agricraft:plant/byg/sythian_fungus0"
      ],
      [
        "agricraft:plant/byg/sythian_fungus1"
      ],
      [
        "agricraft:plant/byg/sythian_fungus1"
      ],
      [
        "agricraft:plant/byg/sythian_fungus2"
      ],
      [
        "agricraft:plant/byg/sythian_fungus2"
      ],
      [
        "byg:block/sythian_fungus"
      ]
    ]
  },
  "seed_texture": "agricraft:seed/byg/sythian_fungus",
  "seed_model": "agricraft:seed/byg/sythian_fungus",
  "particle_effects": []
}
