{
  "path": "mod_croptopia/plants/greenbean_plant.json",
  "version": "1.16.4",
  "json_documentation": "https://agridocs.readthedocs.io/en/master/agri_plant/",
  "enabled": true,
  "mods": [
    "croptopia",
    "agricraft",
    "minecraft"
  ],
  "id": "croptopia:greenbean_plant",
  "plant_lang_key": "block.croptopia.greenbean_crop",
  "seed_lang_key": "item.croptopia.greenbean_seed",
  "desc_lang_key": "",
  "seed_items": [
    {
      "overridePlanting": true,
      "type": "item",
      "object": "croptopia:greenbean_seed",
      "useTag": false,
      "data": "",
      "ignoredData": [
        "*"
      ]
    }
  ],
  "stages": [
    2,
    4,
    6,
    8,
    10,
    12,
    14,
    16
  ],
  "harvestStage": 4,
  "growth_chance": 0.75,
  "growth_bonus": 0.025,
  "tier": 1,
  "cloneable": true,
  "spread_chance": 0.1,
  "grass_drop_chance": 0.0,
  "seed_drop_chance": 1.0,
  "seed_drop_bonus": 0.0,
  "products": {
    "products": [
      {
        "min": 1,
        "max": 3,
        "chance": 0.95,
        "required": true,
        "type": "item",
        "object": "croptopia:greenbean",
        "useTag": false,
        "data": "",
        "ignoredData": []
      }
    ]
  },
  "clip_products": {
    "products": []
  },
  "requirement": {
    "soil_humidity": {
      "condition": "wet",
      "type": "equal",
      "tolerance_factor": 0.15
    },
    "soil_acidity": {
      "condition": "slightly_acidic",
      "type": "equal",
      "tolerance_factor": 0.2
    },
    "soil_nutrients": {
      "condition": "high",
      "type": "equal_or_higher",
      "tolerance_factor": 0.1
    },
    "min_light": 10,
    "max_light": 16,
    "light_tolerance_factor": 0.5,
    "seasons": [
      "summer"
    ],
    "conditions": [],
    "fluid": {
      "type": "fluid",
      "object": "minecraft:empty",
      "useTag": false,
      "data": "",
      "ignoredData": []
    }
  },
  "callbacks": [],
  "texture": {
    "render_type": "hash",
    "plant_models": [],
    "plant_textures": [
      [
        "croptopia:block/greenbean_crop_stage0"
      ],
      [
        "croptopia:block/greenbean_crop_stage0"
      ],
      [
        "croptopia:block/greenbean_crop_stage0"
      ],
      [
        "croptopia:block/greenbean_crop_stage1"
      ],
      [
        "croptopia:block/greenbean_crop_stage1"
      ],
      [
        "croptopia:block/greenbean_crop_stage2"
      ],
      [
        "croptopia:block/greenbean_crop_stage2"
      ],
      [
        "croptopia:block/greenbean_crop_stage3"
      ]
    ]
  },
  "seed_texture": "croptopia:item/greenbean_seed",
  "seed_model": "croptopia:item/greenbean_seed",
  "particle_effects": []
}
