{
  "path": "mod_farmersdelight/soils/rich_soil_farmland_soil.json",
  "version": "1.16.4",
  "json_documentation": "https://agridocs.readthedocs.io/en/master/agri_soil/",
  "enabled": true,
  "mods": [
    "farmersdelight",
    "agricraft",
    "minecraft"
  ],
  "id": "rich_soil_farmland_soil",
  "lang_key": " ",
  "varients": [
    {
      "type": "block",
      "object": "farmersdelight:rich_soil_farmland",
      "useTag": false,
      "data": "",
      "ignoredData": [
        "*"
      ]
    }
  ],
  "humidity": "wet",
  "acidity": "slightly_acidic",
  "nutrients": "very_high",
  "growth_modifier": 1.8
}
